start,destination,transport_mode,distance,duration,cost
"25.808093,112.271926","25.73685,112.2431",驾车,11525.191921482483,1383.0230305778978,5.762595960741241
"25.73685,112.2431","25.904305,112.203287",驾车,24484.915080737323,2938.1898096884784,12.242457540368662
"25.808093,112.271926","25.904305,112.203287",驾车,14958.938148721298,1795.0725778465555,7.479469074360649
