start,destination,transport_mode,distance,duration,cost
"112.25664,25.94996","25.808093,112.271926",驾车,49092.873124286954,5891.1447749144345,24.546436562143477
"112.25664,25.94996","25.73685,112.2431",驾车,57540.19604475753,6904.823525370904,28.770098022378768
"112.25664,25.94996","25.904305,112.203287",驾车,34172.120572063395,4100.654468647607,17.086060286031696
"112.25664,25.94996","25.90751,112.19782",驾车,33108.43082278732,3973.011698734478,16.55421541139366
"112.25664,25.94996","25.90582,112.207372",驾车,34407.63481952609,4128.91617834313,17.203817409763044
