start,destination,transport_mode,distance,duration,cost
"25.808093,112.271926","25.73685,112.2431",驾车,11525.191921482483,1383.0230305778978,5.762595960741241
"25.808093,112.271926","25.73685,112.2431",骑行,11525.191921482483,2766.0460611557955,0.14406489901853103
"25.808093,112.271926","25.73685,112.2431",步行,11525.191921482483,8298.138183467388,0.0
